id,nome,e-mail,celular,classe
84473712044,Murilo Luiz Brito,muriloluizbrito-81@ipmmi.org.br,(31) 99776-7434,PESSOA_FISICA
80643201009,Tomas Otavio Lucas Teixeira,tomas@ipmmi.org.br,(79) 98977-0397,PESSOA_FISICA
58090077080,Isabelly Alice Bernardes,isabellyalicebernardes..isabellyalicebernardes@itelefonica.com.br,(69) 99377-2202,PESSOA_FISICA
88770280096,Ricardo Oliver Antonio Ribeiro,ricardooliverantonioribeiro-90@peopleside.com.br,(27) 98627-4270,PESSOA_FISICA
80687834000156,Camila Olivia Ester Jesus,oliviaesterjesus@buzatto.pro,(68) 98680-6720,ONG
98624406000140,Mirella Vera da Paz,mirellaveradapaz-90@marcossousa.com,(67) 99164-0977,ORGAO_PUBLICO_MUNICIPAL
73761836000182,Marcos Renan,marcosrenangiovannidamata-87@texfuse.com.br,(51) 99594-4480,ONG
57091431030,Lucca Iago,luccaiagoemanuelmelo@gmai.com,(41) 99148-8256,PESSOA_FISICA
39779848029,Victor Benedito,victorbeneditojuandacruz_@smbcontabil.com.br,(71) 99788-3412,PESSOA_FISICA
91724529000103,Pedro Henrique,pedrohenriquedavimoura_@keffin.com.br,(27) 98460-3045,ORGAO_PUBLICO_MUNICIPAL
24875800037,Sara Jennifer Vieira,sarajennifervieira@cincoentretenimentos.com.br,(83) 99909-3149,PESSOA_FISICA
51567490000143,Rafaela Beatriz,rafaelabeatrizmarciacosta@leandroreis.com,(51) 98806-2615,ORGAO_PUBLICO_ESTADUAL
31862316040,Sonia Daniela,soniadanielanogueira@danielvasconcelos.com.br,(31) 98874-9311,PESSOA_FISICA
73743408000127,Luiz Martin,lluizmartinmoraes@mpcnet.com.br,(48) 99267-2913,ORGAO_PUBLICO_MUNICIPAL
02247773000100,Tomas Isaac,raes@mpcnet.com.br,(61) 99250-0120,ORGAO_PUBLICO_ESTADUAL
55570865000185,Marcos Vinicius,vicentenogueira@securitycontrol.com.br,(79) 98960-2983,SOCIEDADE
32719454000103,Antonella Sonia Moraes,antonellasoniamoraes@lordello.com.br,(41) 98193-9921,ORGAO_PUBLICO_ESTADUAL
20685200000132,Tatiane Eliane Jennifer Peixoto,ttatianeelianejenniferpeixoto@jsagromecanica.com.br,(95) 99688-9796,SOCIEDADE
72859801000118,Luiza Elisa Lopes,luizaelisalopes-92@raninho.com.br,(63) 98796-9125,ASSOCIACAO
87831113000117,Cristiane Isabella Caldeira,cristianeisabellacaldeira@mx.labinal.com,(93) 98794-4101,ORGAO_PUBLICO_MUNICIPAL
85618414490,Lucas Fernandes,lucasoliveira@gmail.com,(83) 99845-9283,PESSOA_FISICA